genome_id,marker__known__meropenem,marker__known__ciprofloxacin,marker__known__gentamicin,marker__known__ceftazidime,marker__lineage_a,marker__lineage_b,marker__background,target__meropenem,target__ciprofloxacin,target__gentamicin,target__ceftazidime,qc_completeness,qc_contamination,qc_contigs
synthetic_000_0,1,1,0,0,1,1,1,1,1,1,1,98.0,1.0,30
synthetic_000_1,1,1,0,0,1,1,0,1,1,1,1,98.0,1.0,30
synthetic_000_2,1,1,0,0,1,1,0,1,1,1,1,98.0,1.0,30
synthetic_000_3,1,1,0,0,1,1,0,1,1,1,1,98.0,1.0,30
synthetic_001_0,1,0,0,0,0,0,0,1,1,1,1,98.0,1.0,30
synthetic_001_1,1,0,0,0,0,0,0,1,1,1,1,98.0,1.0,30
synthetic_001_2,1,0,0,0,0,0,0,1,1,1,1,98.0,1.0,30
synthetic_001_3,1,0,0,0,0,0,0,1,1,1,1,98.0,1.0,30
synthetic_002_0,0,0,0,1,0,0,0,1,1,1,1,98.0,1.0,30
synthetic_002_1,0,0,0,1,0,0,0,1,1,1,1,98.0,1.0,30
synthetic_002_2,0,0,0,1,0,0,0,1,1,1,1,98.0,1.0,30
synthetic_002_3,0,0,0,1,0,0,0,1,1,1,1,98.0,1.0,30
synthetic_003_0,0,0,1,1,1,0,0,1,1,1,1,98.0,1.0,30
synthetic_003_1,0,0,1,1,1,0,0,1,1,1,1,98.0,1.0,30
synthetic_003_2,0,0,1,1,1,0,0,1,1,1,1,98.0,1.0,30
synthetic_003_3,0,0,1,1,1,0,0,1,1,1,1,98.0,1.0,30
synthetic_004_0,0,1,1,0,0,1,0,1,1,1,1,98.0,1.0,30
synthetic_004_1,0,1,1,0,0,1,0,1,1,1,1,98.0,1.0,30
synthetic_004_2,0,1,1,0,0,1,0,1,1,1,1,98.0,1.0,30
synthetic_004_3,0,1,1,0,0,1,1,1,1,1,1,98.0,1.0,30
synthetic_005_0,1,1,0,0,0,0,0,1,1,1,1,98.0,1.0,30
synthetic_005_1,1,1,0,0,0,0,0,1,1,1,1,98.0,1.0,30
synthetic_005_2,1,1,0,0,0,0,1,1,1,1,1,98.0,1.0,30
synthetic_005_3,1,1,0,0,0,0,0,1,1,1,1,98.0,1.0,30
synthetic_006_0,1,0,0,0,1,0,0,1,1,1,1,98.0,1.0,30
synthetic_006_1,1,0,0,0,1,0,1,1,1,1,1,98.0,1.0,30
synthetic_006_2,1,0,0,0,1,0,0,1,1,1,1,98.0,1.0,30
synthetic_006_3,1,0,0,0,1,0,0,1,1,1,1,98.0,1.0,30
synthetic_007_0,0,0,0,1,0,0,1,1,1,1,1,98.0,1.0,30
synthetic_007_1,0,0,0,1,0,0,0,1,1,1,1,98.0,1.0,30
synthetic_007_2,0,0,0,1,0,0,0,1,1,1,1,98.0,1.0,30
synthetic_007_3,0,0,0,1,0,0,0,1,1,1,1,98.0,1.0,30
synthetic_008_0,0,0,1,1,0,1,0,1,1,1,1,98.0,1.0,30
synthetic_008_1,0,0,1,1,0,1,0,1,1,1,1,98.0,1.0,30
synthetic_008_2,0,0,1,1,0,1,0,1,1,1,1,98.0,1.0,30
synthetic_008_3,0,0,1,1,0,1,0,1,1,1,1,98.0,1.0,30
synthetic_009_0,0,1,1,0,1,0,0,1,1,1,1,98.0,1.0,30
synthetic_009_1,0,1,1,0,1,0,0,1,1,1,1,98.0,1.0,30
synthetic_009_2,0,1,1,0,1,0,0,1,1,1,1,98.0,1.0,30
synthetic_009_3,0,1,1,0,1,0,0,1,1,1,1,98.0,1.0,30
synthetic_010_0,1,1,0,0,0,0,0,1,1,1,1,98.0,1.0,30
synthetic_010_1,1,1,0,0,0,0,0,1,1,1,1,98.0,1.0,30
synthetic_010_2,1,1,0,0,0,0,0,1,1,1,1,98.0,1.0,30
synthetic_010_3,1,1,0,0,0,0,0,1,1,1,1,98.0,1.0,30
synthetic_011_0,1,0,0,0,0,0,0,1,1,1,1,98.0,1.0,30
synthetic_011_1,1,0,0,0,0,0,0,1,1,1,1,98.0,1.0,30
synthetic_011_2,1,0,0,0,0,0,0,1,1,1,1,98.0,1.0,30
synthetic_011_3,1,0,0,0,0,0,1,1,1,1,1,98.0,1.0,30
synthetic_012_0,0,0,0,1,1,1,0,1,1,1,1,98.0,1.0,30
synthetic_012_1,0,0,0,1,1,1,0,1,1,1,1,98.0,1.0,30
synthetic_012_2,0,0,0,1,1,1,1,1,1,1,1,98.0,1.0,30
synthetic_012_3,0,0,0,1,1,1,0,1,1,1,1,98.0,1.0,30
synthetic_013_0,0,0,1,1,0,0,0,1,1,1,1,98.0,1.0,30
synthetic_013_1,0,0,1,1,0,0,1,1,1,1,1,98.0,1.0,30
synthetic_013_2,0,0,1,1,0,0,0,1,1,1,1,98.0,1.0,30
synthetic_013_3,0,0,1,1,0,0,0,1,1,1,1,98.0,1.0,30
synthetic_014_0,0,1,1,0,0,0,1,1,1,1,1,98.0,1.0,30
synthetic_014_1,0,1,1,0,0,0,0,1,1,1,1,98.0,1.0,30
synthetic_014_2,0,1,1,0,0,0,0,1,1,1,1,98.0,1.0,30
synthetic_014_3,0,1,1,0,0,0,0,1,1,1,1,98.0,1.0,30
synthetic_015_0,1,1,0,0,1,0,0,1,1,1,1,98.0,1.0,30
synthetic_015_1,1,1,0,0,1,0,0,1,1,1,1,98.0,1.0,30
synthetic_015_2,1,1,0,0,1,0,0,1,1,1,1,98.0,1.0,30
synthetic_015_3,1,1,0,0,1,0,0,1,1,1,1,98.0,1.0,30
synthetic_016_0,1,0,0,0,0,1,0,1,1,1,1,98.0,1.0,30
synthetic_016_1,1,0,0,0,0,1,0,1,1,1,1,98.0,1.0,30
synthetic_016_2,1,0,0,0,0,1,0,1,1,1,1,98.0,1.0,30
synthetic_016_3,1,0,0,0,0,1,0,1,1,1,1,98.0,1.0,30
synthetic_017_0,0,0,0,1,0,0,0,1,1,1,1,98.0,1.0,30
synthetic_017_1,0,0,0,1,0,0,0,1,1,1,1,98.0,1.0,30
synthetic_017_2,0,0,0,1,0,0,0,1,1,1,1,98.0,1.0,30
synthetic_017_3,0,0,0,1,0,0,0,1,1,1,1,98.0,1.0,30
synthetic_018_0,0,0,1,1,1,0,0,1,1,1,1,98.0,1.0,30
synthetic_018_1,0,0,1,1,1,0,0,1,1,1,1,98.0,1.0,30
synthetic_018_2,0,0,1,1,1,0,0,1,1,1,1,98.0,1.0,30
synthetic_018_3,0,0,1,1,1,0,1,1,1,1,1,98.0,1.0,30
synthetic_019_0,0,1,1,0,0,0,0,1,1,1,1,98.0,1.0,30
synthetic_019_1,0,1,1,0,0,0,0,1,1,1,1,98.0,1.0,30
synthetic_019_2,0,1,1,0,0,0,1,1,1,1,1,98.0,1.0,30
synthetic_019_3,0,1,1,0,0,0,0,1,1,1,1,98.0,1.0,30
synthetic_020_0,1,1,0,0,0,1,0,1,1,1,1,98.0,1.0,30
synthetic_020_1,1,1,0,0,0,1,1,1,1,1,1,98.0,1.0,30
synthetic_020_2,1,1,0,0,0,1,0,1,1,1,1,98.0,1.0,30
synthetic_020_3,1,1,0,0,0,1,0,1,1,1,1,98.0,1.0,30
synthetic_021_0,1,0,0,0,1,0,1,1,1,1,1,98.0,1.0,30
synthetic_021_1,1,0,0,0,1,0,0,1,1,1,1,98.0,1.0,30
synthetic_021_2,1,0,0,0,1,0,0,1,1,1,1,98.0,1.0,30
synthetic_021_3,1,0,0,0,1,0,0,1,1,1,1,98.0,1.0,30
synthetic_022_0,0,0,0,1,0,0,0,1,1,1,1,98.0,1.0,30
synthetic_022_1,0,0,0,1,0,0,0,1,1,1,1,98.0,1.0,30
synthetic_022_2,0,0,0,1,0,0,0,1,1,1,1,98.0,1.0,30
synthetic_022_3,0,0,0,1,0,0,0,1,1,1,1,98.0,1.0,30
synthetic_023_0,0,0,1,1,0,0,0,1,1,1,1,98.0,1.0,30
synthetic_023_1,0,0,1,1,0,0,0,1,1,1,1,98.0,1.0,30
synthetic_023_2,0,0,1,1,0,0,0,1,1,1,1,98.0,1.0,30
synthetic_023_3,0,0,1,1,0,0,0,1,1,1,1,98.0,1.0,30
synthetic_024_0,0,1,1,0,1,1,0,1,1,1,1,98.0,1.0,30
synthetic_024_1,0,1,1,0,1,1,0,1,1,1,1,98.0,1.0,30
synthetic_024_2,0,1,1,0,1,1,0,1,1,1,1,98.0,1.0,30
synthetic_024_3,0,1,1,0,1,1,0,1,1,1,1,98.0,1.0,30
synthetic_025_0,1,1,0,0,0,0,0,1,1,1,1,98.0,1.0,30
synthetic_025_1,1,1,0,0,0,0,0,1,1,1,1,98.0,1.0,30
synthetic_025_2,1,1,0,0,0,0,0,1,1,1,1,98.0,1.0,30
synthetic_025_3,1,1,0,0,0,0,1,1,1,1,1,98.0,1.0,30
synthetic_026_0,1,0,0,0,0,0,0,1,1,1,1,98.0,1.0,30
synthetic_026_1,1,0,0,0,0,0,0,1,1,1,1,98.0,1.0,30
synthetic_026_2,1,0,0,0,0,0,1,1,1,1,1,98.0,1.0,30
synthetic_026_3,1,0,0,0,0,0,0,1,1,1,1,98.0,1.0,30
synthetic_027_0,0,0,0,1,1,0,0,1,1,1,1,98.0,1.0,30
synthetic_027_1,0,0,0,1,1,0,1,1,1,1,1,98.0,1.0,30
synthetic_027_2,0,0,0,1,1,0,0,1,1,1,1,98.0,1.0,30
synthetic_027_3,0,0,0,1,1,0,0,1,1,1,1,98.0,1.0,30
synthetic_028_0,0,0,1,1,0,1,1,1,1,1,1,98.0,1.0,30
synthetic_028_1,0,0,1,1,0,1,0,1,1,1,1,98.0,1.0,30
synthetic_028_2,0,0,1,1,0,1,0,1,1,1,1,98.0,1.0,30
synthetic_028_3,0,0,1,1,0,1,0,1,1,1,1,98.0,1.0,30
synthetic_029_0,0,1,1,0,0,0,0,1,1,1,1,98.0,1.0,30
synthetic_029_1,0,1,1,0,0,0,0,1,1,1,1,98.0,1.0,30
synthetic_029_2,0,1,1,0,0,0,0,1,1,1,1,98.0,1.0,30
synthetic_029_3,0,1,1,0,0,0,0,1,1,1,1,98.0,1.0,30
synthetic_030_0,1,1,0,0,1,0,0,1,1,1,1,98.0,1.0,30
synthetic_030_1,1,1,0,0,1,0,0,1,1,1,1,98.0,1.0,30
synthetic_030_2,1,1,0,0,1,0,0,1,1,1,1,98.0,1.0,30
synthetic_030_3,1,1,0,0,1,0,0,1,1,1,1,98.0,1.0,30
synthetic_031_0,1,0,0,0,0,0,0,1,1,1,1,98.0,1.0,30
synthetic_031_1,1,0,0,0,0,0,0,1,1,1,1,98.0,1.0,30
synthetic_031_2,1,0,0,0,0,0,0,1,1,1,1,98.0,1.0,30
synthetic_031_3,1,0,0,0,0,0,0,1,1,1,1,98.0,1.0,30
synthetic_032_0,0,0,0,1,0,1,0,1,1,1,1,98.0,1.0,30
synthetic_032_1,0,0,0,1,0,1,0,1,1,1,1,98.0,1.0,30
synthetic_032_2,0,0,0,1,0,1,0,1,1,1,1,98.0,1.0,30
synthetic_032_3,0,0,0,1,0,1,1,1,1,1,1,98.0,1.0,30
synthetic_033_0,0,0,1,1,1,0,0,1,1,1,1,98.0,1.0,30
synthetic_033_1,0,0,1,1,1,0,0,1,1,1,1,98.0,1.0,30
synthetic_033_2,0,0,1,1,1,0,1,1,1,1,1,98.0,1.0,30
synthetic_033_3,0,0,1,1,1,0,0,1,1,1,1,98.0,1.0,30
synthetic_034_0,0,1,1,0,0,0,0,1,1,1,1,98.0,1.0,30
synthetic_034_1,0,1,1,0,0,0,1,1,1,1,1,98.0,1.0,30
synthetic_034_2,0,1,1,0,0,0,0,1,1,1,1,98.0,1.0,30
synthetic_034_3,0,1,1,0,0,0,0,1,1,1,1,98.0,1.0,30
synthetic_035_0,1,1,0,0,0,0,1,1,1,1,1,98.0,1.0,30
synthetic_035_1,1,1,0,0,0,0,0,1,1,1,1,98.0,1.0,30
synthetic_035_2,1,1,0,0,0,0,0,1,1,1,1,98.0,1.0,30
synthetic_035_3,1,1,0,0,0,0,0,1,1,1,1,98.0,1.0,30
synthetic_036_0,1,0,0,0,1,1,0,1,1,1,1,98.0,1.0,30
synthetic_036_1,1,0,0,0,1,1,0,1,1,1,1,98.0,1.0,30
synthetic_036_2,1,0,0,0,1,1,0,1,1,1,1,98.0,1.0,30
synthetic_036_3,1,0,0,0,1,1,0,1,1,1,1,98.0,1.0,30
synthetic_037_0,0,0,0,1,0,0,0,1,1,1,1,98.0,1.0,30
synthetic_037_1,0,0,0,1,0,0,0,1,1,1,1,98.0,1.0,30
synthetic_037_2,0,0,0,1,0,0,0,1,1,1,1,98.0,1.0,30
synthetic_037_3,0,0,0,1,0,0,0,1,1,1,1,98.0,1.0,30
synthetic_038_0,0,0,1,1,0,0,0,1,1,1,1,98.0,1.0,30
synthetic_038_1,0,0,1,1,0,0,0,1,1,1,1,98.0,1.0,30
synthetic_038_2,0,0,1,1,0,0,0,1,1,1,1,98.0,1.0,30
synthetic_038_3,0,0,1,1,0,0,0,1,1,1,1,98.0,1.0,30
synthetic_039_0,0,1,1,0,1,0,0,1,1,1,1,98.0,1.0,30
synthetic_039_1,0,1,1,0,1,0,0,1,1,1,1,98.0,1.0,30
synthetic_039_2,0,1,1,0,1,0,0,1,1,1,1,98.0,1.0,30
synthetic_039_3,0,1,1,0,1,0,1,1,1,1,1,98.0,1.0,30
synthetic_040_0,1,1,0,0,0,1,0,1,1,1,1,98.0,1.0,30
synthetic_040_1,1,1,0,0,0,1,0,1,1,1,1,98.0,1.0,30
synthetic_040_2,1,1,0,0,0,1,1,1,1,1,1,98.0,1.0,30
synthetic_040_3,1,1,0,0,0,1,0,1,1,1,1,98.0,1.0,30
synthetic_041_0,1,0,0,0,0,0,0,1,1,1,1,98.0,1.0,30
synthetic_041_1,1,0,0,0,0,0,1,1,1,1,1,98.0,1.0,30
synthetic_041_2,1,0,0,0,0,0,0,1,1,1,1,98.0,1.0,30
synthetic_041_3,1,0,0,0,0,0,0,1,1,1,1,98.0,1.0,30
synthetic_042_0,0,0,0,1,1,0,1,1,1,1,1,98.0,1.0,30
synthetic_042_1,0,0,0,1,1,0,0,1,1,1,1,98.0,1.0,30
synthetic_042_2,0,0,0,1,1,0,0,1,1,1,1,98.0,1.0,30
synthetic_042_3,0,0,0,1,1,0,0,1,1,1,1,98.0,1.0,30
synthetic_043_0,0,0,1,1,0,0,0,1,1,1,1,98.0,1.0,30
synthetic_043_1,0,0,1,1,0,0,0,1,1,1,1,98.0,1.0,30
synthetic_043_2,0,0,1,1,0,0,0,1,1,1,1,98.0,1.0,30
synthetic_043_3,0,0,1,1,0,0,0,1,1,1,1,98.0,1.0,30
synthetic_044_0,0,1,1,0,0,1,0,1,1,1,1,98.0,1.0,30
synthetic_044_1,0,1,1,0,0,1,0,1,1,1,1,98.0,1.0,30
synthetic_044_2,0,1,1,0,0,1,0,1,1,1,1,98.0,1.0,30
synthetic_044_3,0,1,1,0,0,1,0,1,1,1,1,98.0,1.0,30
synthetic_045_0,1,1,0,0,1,0,0,1,1,1,1,98.0,1.0,30
synthetic_045_1,1,1,0,0,1,0,0,1,1,1,1,98.0,1.0,30
synthetic_045_2,1,1,0,0,1,0,0,1,1,1,1,98.0,1.0,30
synthetic_045_3,1,1,0,0,1,0,0,1,1,1,1,98.0,1.0,30
synthetic_046_0,1,0,0,0,0,0,0,1,1,1,1,98.0,1.0,30
synthetic_046_1,1,0,0,0,0,0,0,1,1,1,1,98.0,1.0,30
synthetic_046_2,1,0,0,0,0,0,0,1,1,1,1,98.0,1.0,30
synthetic_046_3,1,0,0,0,0,0,1,1,1,1,1,98.0,1.0,30
synthetic_047_0,0,0,0,1,0,0,0,1,1,1,1,98.0,1.0,30
synthetic_047_1,0,0,0,1,0,0,0,1,1,1,1,98.0,1.0,30
synthetic_047_2,0,0,0,1,0,0,1,1,1,1,1,98.0,1.0,30
synthetic_047_3,0,0,0,1,0,0,0,1,1,1,1,98.0,1.0,30
synthetic_048_0,0,0,1,1,1,1,0,1,1,1,1,98.0,1.0,30
synthetic_048_1,0,0,1,1,1,1,1,1,1,1,1,98.0,1.0,30
synthetic_048_2,0,0,1,1,1,1,0,1,1,1,1,98.0,1.0,30
synthetic_048_3,0,0,1,1,1,1,0,1,1,1,1,98.0,1.0,30
synthetic_049_0,0,1,1,0,0,0,1,1,1,1,1,98.0,1.0,30
synthetic_049_1,0,1,1,0,0,0,0,1,1,1,1,98.0,1.0,30
synthetic_049_2,0,1,1,0,0,0,0,1,1,1,1,98.0,1.0,30
synthetic_049_3,0,1,1,0,0,0,0,1,1,1,1,98.0,1.0,30
synthetic_050_0,1,1,0,0,0,0,0,0,1,1,1,98.0,1.0,30
synthetic_050_1,1,1,0,0,0,0,0,1,1,1,1,98.0,1.0,30
synthetic_050_2,1,1,0,0,0,0,0,1,1,1,1,98.0,1.0,30
synthetic_050_3,1,1,0,0,0,0,0,1,1,1,1,98.0,1.0,30
synthetic_051_0,1,0,0,0,1,0,0,1,1,1,1,70.0,1.0,900
synthetic_051_1,1,0,0,0,1,0,0,1,1,1,1,98.0,1.0,30
synthetic_051_2,1,0,0,0,1,0,0,1,1,1,1,98.0,1.0,30
synthetic_051_3,1,0,0,0,1,0,0,1,1,1,1,98.0,1.0,30
synthetic_052_0,0,0,0,1,0,1,0,1,1,1,1,98.0,1.0,30
synthetic_052_1,0,0,0,1,0,1,0,1,1,1,1,98.0,1.0,30
synthetic_052_2,0,0,0,1,0,1,0,1,1,1,1,98.0,1.0,30
synthetic_052_3,0,0,0,1,0,1,0,1,1,1,1,98.0,1.0,30
synthetic_053_0,0,0,1,1,0,0,0,1,1,1,1,98.0,1.0,30
synthetic_053_1,0,0,1,1,0,0,0,1,1,1,1,98.0,1.0,30
synthetic_053_2,0,0,1,1,0,0,0,1,1,1,1,98.0,1.0,30
synthetic_053_3,0,0,1,1,0,0,1,1,1,1,1,98.0,1.0,30
synthetic_054_0,0,1,1,0,1,0,0,1,1,1,1,98.0,1.0,30
synthetic_054_1,0,1,1,0,1,0,0,1,1,1,1,98.0,1.0,30
synthetic_054_2,0,1,1,0,1,0,1,1,1,1,1,98.0,1.0,30
synthetic_054_3,0,1,1,0,1,0,0,1,1,1,1,98.0,1.0,30
synthetic_055_0,1,1,0,0,0,0,0,1,1,1,1,98.0,1.0,30
synthetic_055_1,1,1,0,0,0,0,1,1,1,1,1,98.0,1.0,30
synthetic_055_2,1,1,0,0,0,0,0,1,1,1,1,98.0,1.0,30
synthetic_055_3,1,1,0,0,0,0,0,1,1,1,1,98.0,1.0,30
synthetic_056_0,1,0,0,0,0,1,1,1,1,1,1,98.0,1.0,30
synthetic_056_1,1,0,0,0,0,1,0,1,1,1,1,98.0,1.0,30
synthetic_056_2,1,0,0,0,0,1,0,1,1,1,1,98.0,1.0,30
synthetic_056_3,1,0,0,0,0,1,0,1,1,1,1,98.0,1.0,30
synthetic_057_0,0,0,0,1,1,0,0,1,1,1,1,98.0,1.0,30
synthetic_057_1,0,0,0,1,1,0,0,1,1,1,1,98.0,1.0,30
synthetic_057_2,0,0,0,1,1,0,0,1,1,1,1,98.0,1.0,30
synthetic_057_3,0,0,0,1,1,0,0,1,1,1,1,98.0,1.0,30
synthetic_058_0,0,0,1,1,0,0,0,1,1,1,1,98.0,1.0,30
synthetic_058_1,0,0,1,1,0,0,0,1,1,1,1,98.0,1.0,30
synthetic_058_2,0,0,1,1,0,0,0,1,1,1,1,98.0,1.0,30
synthetic_058_3,0,0,1,1,0,0,0,1,1,1,1,98.0,1.0,30
synthetic_059_0,1,1,1,1,1,1,1,1,1,1,1,98.0,1.0,30
synthetic_059_1,1,1,1,1,1,1,1,1,1,1,1,98.0,1.0,30
synthetic_059_2,1,1,1,1,1,1,1,1,1,1,1,98.0,1.0,30
synthetic_059_3,1,1,1,1,1,1,1,1,1,1,1,98.0,1.0,30
