genome_id,antibiotic,phenotype,evidence
synthetic_000_0,ceftazidime,Susceptible,Synthetic fixture
synthetic_000_0,ciprofloxacin,Resistant,Synthetic fixture
synthetic_000_0,gentamicin,Susceptible,Synthetic fixture
synthetic_000_0,meropenem,Susceptible,Synthetic fixture
synthetic_000_1,ceftazidime,Susceptible,Synthetic fixture
synthetic_000_1,ciprofloxacin,Resistant,Synthetic fixture
synthetic_000_1,gentamicin,Susceptible,Synthetic fixture
synthetic_000_1,meropenem,Susceptible,Synthetic fixture
synthetic_000_2,ceftazidime,Susceptible,Synthetic fixture
synthetic_000_2,ciprofloxacin,Resistant,Synthetic fixture
synthetic_000_2,gentamicin,Susceptible,Synthetic fixture
synthetic_000_2,meropenem,Susceptible,Synthetic fixture
synthetic_000_3,ceftazidime,Susceptible,Synthetic fixture
synthetic_000_3,ciprofloxacin,Resistant,Synthetic fixture
synthetic_000_3,gentamicin,Susceptible,Synthetic fixture
synthetic_000_3,meropenem,Susceptible,Synthetic fixture
synthetic_001_0,ceftazidime,Susceptible,Synthetic fixture
synthetic_001_0,ciprofloxacin,Susceptible,Synthetic fixture
synthetic_001_0,gentamicin,Susceptible,Synthetic fixture
synthetic_001_0,meropenem,Resistant,Synthetic fixture
synthetic_001_1,ceftazidime,Susceptible,Synthetic fixture
synthetic_001_1,ciprofloxacin,Susceptible,Synthetic fixture
synthetic_001_1,gentamicin,Susceptible,Synthetic fixture
synthetic_001_1,meropenem,Resistant,Synthetic fixture
synthetic_001_2,ceftazidime,Susceptible,Synthetic fixture
synthetic_001_2,ciprofloxacin,Susceptible,Synthetic fixture
synthetic_001_2,gentamicin,Susceptible,Synthetic fixture
synthetic_001_2,meropenem,Resistant,Synthetic fixture
synthetic_001_3,ceftazidime,Susceptible,Synthetic fixture
synthetic_001_3,ciprofloxacin,Susceptible,Synthetic fixture
synthetic_001_3,gentamicin,Susceptible,Synthetic fixture
synthetic_001_3,meropenem,Resistant,Synthetic fixture
synthetic_002_0,ceftazidime,Resistant,Synthetic fixture
synthetic_002_0,ciprofloxacin,Susceptible,Synthetic fixture
synthetic_002_0,gentamicin,Susceptible,Synthetic fixture
synthetic_002_0,meropenem,Susceptible,Synthetic fixture
synthetic_002_1,ceftazidime,Resistant,Synthetic fixture
synthetic_002_1,ciprofloxacin,Susceptible,Synthetic fixture
synthetic_002_1,gentamicin,Susceptible,Synthetic fixture
synthetic_002_1,meropenem,Susceptible,Synthetic fixture
synthetic_002_2,ceftazidime,Resistant,Synthetic fixture
synthetic_002_2,ciprofloxacin,Susceptible,Synthetic fixture
synthetic_002_2,gentamicin,Susceptible,Synthetic fixture
synthetic_002_2,meropenem,Susceptible,Synthetic fixture
synthetic_002_3,ceftazidime,Resistant,Synthetic fixture
synthetic_002_3,ciprofloxacin,Susceptible,Synthetic fixture
synthetic_002_3,gentamicin,Susceptible,Synthetic fixture
synthetic_002_3,meropenem,Susceptible,Synthetic fixture
synthetic_003_0,ceftazidime,Resistant,Synthetic fixture
synthetic_003_0,ciprofloxacin,Susceptible,Synthetic fixture
synthetic_003_0,gentamicin,Susceptible,Synthetic fixture
synthetic_003_0,meropenem,Susceptible,Synthetic fixture
synthetic_003_1,ceftazidime,Resistant,Synthetic fixture
synthetic_003_1,ciprofloxacin,Susceptible,Synthetic fixture
synthetic_003_1,gentamicin,Susceptible,Synthetic fixture
synthetic_003_1,meropenem,Susceptible,Synthetic fixture
synthetic_003_2,ceftazidime,Resistant,Synthetic fixture
synthetic_003_2,ciprofloxacin,Susceptible,Synthetic fixture
synthetic_003_2,gentamicin,Susceptible,Synthetic fixture
synthetic_003_2,meropenem,Susceptible,Synthetic fixture
synthetic_003_3,ceftazidime,Resistant,Synthetic fixture
synthetic_003_3,ciprofloxacin,Susceptible,Synthetic fixture
synthetic_003_3,gentamicin,Susceptible,Synthetic fixture
synthetic_003_3,meropenem,Susceptible,Synthetic fixture
synthetic_004_0,ceftazidime,Susceptible,Synthetic fixture
synthetic_004_0,ciprofloxacin,Resistant,Synthetic fixture
synthetic_004_0,gentamicin,Resistant,Synthetic fixture
synthetic_004_0,meropenem,Susceptible,Synthetic fixture
synthetic_004_1,ceftazidime,Susceptible,Synthetic fixture
synthetic_004_1,ciprofloxacin,Resistant,Synthetic fixture
synthetic_004_1,gentamicin,Resistant,Synthetic fixture
synthetic_004_1,meropenem,Susceptible,Synthetic fixture
synthetic_004_2,ceftazidime,Susceptible,Synthetic fixture
synthetic_004_2,ciprofloxacin,Resistant,Synthetic fixture
synthetic_004_2,gentamicin,Resistant,Synthetic fixture
synthetic_004_2,meropenem,Susceptible,Synthetic fixture
synthetic_004_3,ceftazidime,Susceptible,Synthetic fixture
synthetic_004_3,ciprofloxacin,Resistant,Synthetic fixture
synthetic_004_3,gentamicin,Resistant,Synthetic fixture
synthetic_004_3,meropenem,Susceptible,Synthetic fixture
synthetic_005_0,ceftazidime,Susceptible,Synthetic fixture
synthetic_005_0,ciprofloxacin,Resistant,Synthetic fixture
synthetic_005_0,gentamicin,Susceptible,Synthetic fixture
synthetic_005_0,meropenem,Resistant,Synthetic fixture
synthetic_005_1,ceftazidime,Susceptible,Synthetic fixture
synthetic_005_1,ciprofloxacin,Resistant,Synthetic fixture
synthetic_005_1,gentamicin,Susceptible,Synthetic fixture
synthetic_005_1,meropenem,Resistant,Synthetic fixture
synthetic_005_2,ceftazidime,Susceptible,Synthetic fixture
synthetic_005_2,ciprofloxacin,Resistant,Synthetic fixture
synthetic_005_2,gentamicin,Susceptible,Synthetic fixture
synthetic_005_2,meropenem,Resistant,Synthetic fixture
synthetic_005_3,ceftazidime,Susceptible,Synthetic fixture
synthetic_005_3,ciprofloxacin,Resistant,Synthetic fixture
synthetic_005_3,gentamicin,Susceptible,Synthetic fixture
synthetic_005_3,meropenem,Resistant,Synthetic fixture
synthetic_006_0,ceftazidime,Susceptible,Synthetic fixture
synthetic_006_0,ciprofloxacin,Resistant,Synthetic fixture
synthetic_006_0,gentamicin,Susceptible,Synthetic fixture
synthetic_006_0,meropenem,Resistant,Synthetic fixture
synthetic_006_1,ceftazidime,Susceptible,Synthetic fixture
synthetic_006_1,ciprofloxacin,Resistant,Synthetic fixture
synthetic_006_1,gentamicin,Susceptible,Synthetic fixture
synthetic_006_1,meropenem,Resistant,Synthetic fixture
synthetic_006_2,ceftazidime,Susceptible,Synthetic fixture
synthetic_006_2,ciprofloxacin,Resistant,Synthetic fixture
synthetic_006_2,gentamicin,Susceptible,Synthetic fixture
synthetic_006_2,meropenem,Resistant,Synthetic fixture
synthetic_006_3,ceftazidime,Susceptible,Synthetic fixture
synthetic_006_3,ciprofloxacin,Resistant,Synthetic fixture
synthetic_006_3,gentamicin,Susceptible,Synthetic fixture
synthetic_006_3,meropenem,Resistant,Synthetic fixture
synthetic_007_0,ceftazidime,Resistant,Synthetic fixture
synthetic_007_0,ciprofloxacin,Susceptible,Synthetic fixture
synthetic_007_0,gentamicin,Susceptible,Synthetic fixture
synthetic_007_0,meropenem,Susceptible,Synthetic fixture
synthetic_007_1,ceftazidime,Resistant,Synthetic fixture
synthetic_007_1,ciprofloxacin,Susceptible,Synthetic fixture
synthetic_007_1,gentamicin,Susceptible,Synthetic fixture
synthetic_007_1,meropenem,Susceptible,Synthetic fixture
synthetic_007_2,ceftazidime,Resistant,Synthetic fixture
synthetic_007_2,ciprofloxacin,Susceptible,Synthetic fixture
synthetic_007_2,gentamicin,Susceptible,Synthetic fixture
synthetic_007_2,meropenem,Susceptible,Synthetic fixture
synthetic_007_3,ceftazidime,Resistant,Synthetic fixture
synthetic_007_3,ciprofloxacin,Susceptible,Synthetic fixture
synthetic_007_3,gentamicin,Susceptible,Synthetic fixture
synthetic_007_3,meropenem,Susceptible,Synthetic fixture
synthetic_008_0,ceftazidime,Resistant,Synthetic fixture
synthetic_008_0,ciprofloxacin,Susceptible,Synthetic fixture
synthetic_008_0,gentamicin,Resistant,Synthetic fixture
synthetic_008_0,meropenem,Susceptible,Synthetic fixture
synthetic_008_1,ceftazidime,Resistant,Synthetic fixture
synthetic_008_1,ciprofloxacin,Susceptible,Synthetic fixture
synthetic_008_1,gentamicin,Resistant,Synthetic fixture
synthetic_008_1,meropenem,Susceptible,Synthetic fixture
synthetic_008_2,ceftazidime,Resistant,Synthetic fixture
synthetic_008_2,ciprofloxacin,Susceptible,Synthetic fixture
synthetic_008_2,gentamicin,Resistant,Synthetic fixture
synthetic_008_2,meropenem,Susceptible,Synthetic fixture
synthetic_008_3,ceftazidime,Resistant,Synthetic fixture
synthetic_008_3,ciprofloxacin,Susceptible,Synthetic fixture
synthetic_008_3,gentamicin,Resistant,Synthetic fixture
synthetic_008_3,meropenem,Susceptible,Synthetic fixture
synthetic_009_0,ceftazidime,Susceptible,Synthetic fixture
synthetic_009_0,ciprofloxacin,Resistant,Synthetic fixture
synthetic_009_0,gentamicin,Resistant,Synthetic fixture
synthetic_009_0,meropenem,Susceptible,Synthetic fixture
synthetic_009_1,ceftazidime,Susceptible,Synthetic fixture
synthetic_009_1,ciprofloxacin,Resistant,Synthetic fixture
synthetic_009_1,gentamicin,Resistant,Synthetic fixture
synthetic_009_1,meropenem,Susceptible,Synthetic fixture
synthetic_009_2,ceftazidime,Susceptible,Synthetic fixture
synthetic_009_2,ciprofloxacin,Resistant,Synthetic fixture
synthetic_009_2,gentamicin,Resistant,Synthetic fixture
synthetic_009_2,meropenem,Susceptible,Synthetic fixture
synthetic_009_3,ceftazidime,Susceptible,Synthetic fixture
synthetic_009_3,ciprofloxacin,Resistant,Synthetic fixture
synthetic_009_3,gentamicin,Resistant,Synthetic fixture
synthetic_009_3,meropenem,Susceptible,Synthetic fixture
synthetic_010_0,ceftazidime,Susceptible,Synthetic fixture
synthetic_010_0,ciprofloxacin,Resistant,Synthetic fixture
synthetic_010_0,gentamicin,Susceptible,Synthetic fixture
synthetic_010_0,meropenem,Resistant,Synthetic fixture
synthetic_010_1,ceftazidime,Susceptible,Synthetic fixture
synthetic_010_1,ciprofloxacin,Resistant,Synthetic fixture
synthetic_010_1,gentamicin,Susceptible,Synthetic fixture
synthetic_010_1,meropenem,Resistant,Synthetic fixture
synthetic_010_2,ceftazidime,Susceptible,Synthetic fixture
synthetic_010_2,ciprofloxacin,Resistant,Synthetic fixture
synthetic_010_2,gentamicin,Susceptible,Synthetic fixture
synthetic_010_2,meropenem,Resistant,Synthetic fixture
synthetic_010_3,ceftazidime,Susceptible,Synthetic fixture
synthetic_010_3,ciprofloxacin,Resistant,Synthetic fixture
synthetic_010_3,gentamicin,Susceptible,Synthetic fixture
synthetic_010_3,meropenem,Resistant,Synthetic fixture
synthetic_011_0,ceftazidime,Susceptible,Synthetic fixture
synthetic_011_0,ciprofloxacin,Susceptible,Synthetic fixture
synthetic_011_0,gentamicin,Susceptible,Synthetic fixture
synthetic_011_0,meropenem,Resistant,Synthetic fixture
synthetic_011_1,ceftazidime,Susceptible,Synthetic fixture
synthetic_011_1,ciprofloxacin,Susceptible,Synthetic fixture
synthetic_011_1,gentamicin,Susceptible,Synthetic fixture
synthetic_011_1,meropenem,Resistant,Synthetic fixture
synthetic_011_2,ceftazidime,Susceptible,Synthetic fixture
synthetic_011_2,ciprofloxacin,Susceptible,Synthetic fixture
synthetic_011_2,gentamicin,Susceptible,Synthetic fixture
synthetic_011_2,meropenem,Resistant,Synthetic fixture
synthetic_011_3,ceftazidime,Susceptible,Synthetic fixture
synthetic_011_3,ciprofloxacin,Susceptible,Synthetic fixture
synthetic_011_3,gentamicin,Susceptible,Synthetic fixture
synthetic_011_3,meropenem,Resistant,Synthetic fixture
synthetic_012_0,ceftazidime,Resistant,Synthetic fixture
synthetic_012_0,ciprofloxacin,Susceptible,Synthetic fixture
synthetic_012_0,gentamicin,Resistant,Synthetic fixture
synthetic_012_0,meropenem,Susceptible,Synthetic fixture
synthetic_012_1,ceftazidime,Resistant,Synthetic fixture
synthetic_012_1,ciprofloxacin,Susceptible,Synthetic fixture
synthetic_012_1,gentamicin,Resistant,Synthetic fixture
synthetic_012_1,meropenem,Susceptible,Synthetic fixture
synthetic_012_2,ceftazidime,Resistant,Synthetic fixture
synthetic_012_2,ciprofloxacin,Susceptible,Synthetic fixture
synthetic_012_2,gentamicin,Resistant,Synthetic fixture
synthetic_012_2,meropenem,Susceptible,Synthetic fixture
synthetic_012_3,ceftazidime,Resistant,Synthetic fixture
synthetic_012_3,ciprofloxacin,Susceptible,Synthetic fixture
synthetic_012_3,gentamicin,Resistant,Synthetic fixture
synthetic_012_3,meropenem,Susceptible,Synthetic fixture
synthetic_013_0,ceftazidime,Resistant,Synthetic fixture
synthetic_013_0,ciprofloxacin,Resistant,Synthetic fixture
synthetic_013_0,gentamicin,Resistant,Synthetic fixture
synthetic_013_0,meropenem,Susceptible,Synthetic fixture
synthetic_013_1,ceftazidime,Resistant,Synthetic fixture
synthetic_013_1,ciprofloxacin,Resistant,Synthetic fixture
synthetic_013_1,gentamicin,Resistant,Synthetic fixture
synthetic_013_1,meropenem,Susceptible,Synthetic fixture
synthetic_013_2,ceftazidime,Resistant,Synthetic fixture
synthetic_013_2,ciprofloxacin,Resistant,Synthetic fixture
synthetic_013_2,gentamicin,Resistant,Synthetic fixture
synthetic_013_2,meropenem,Susceptible,Synthetic fixture
synthetic_013_3,ceftazidime,Resistant,Synthetic fixture
synthetic_013_3,ciprofloxacin,Resistant,Synthetic fixture
synthetic_013_3,gentamicin,Resistant,Synthetic fixture
synthetic_013_3,meropenem,Susceptible,Synthetic fixture
synthetic_014_0,ceftazidime,Susceptible,Synthetic fixture
synthetic_014_0,ciprofloxacin,Resistant,Synthetic fixture
synthetic_014_0,gentamicin,Resistant,Synthetic fixture
synthetic_014_0,meropenem,Susceptible,Synthetic fixture
synthetic_014_1,ceftazidime,Susceptible,Synthetic fixture
synthetic_014_1,ciprofloxacin,Resistant,Synthetic fixture
synthetic_014_1,gentamicin,Resistant,Synthetic fixture
synthetic_014_1,meropenem,Susceptible,Synthetic fixture
synthetic_014_2,ceftazidime,Susceptible,Synthetic fixture
synthetic_014_2,ciprofloxacin,Resistant,Synthetic fixture
synthetic_014_2,gentamicin,Resistant,Synthetic fixture
synthetic_014_2,meropenem,Susceptible,Synthetic fixture
synthetic_014_3,ceftazidime,Susceptible,Synthetic fixture
synthetic_014_3,ciprofloxacin,Resistant,Synthetic fixture
synthetic_014_3,gentamicin,Resistant,Synthetic fixture
synthetic_014_3,meropenem,Susceptible,Synthetic fixture
synthetic_015_0,ceftazidime,Susceptible,Synthetic fixture
synthetic_015_0,ciprofloxacin,Resistant,Synthetic fixture
synthetic_015_0,gentamicin,Susceptible,Synthetic fixture
synthetic_015_0,meropenem,Resistant,Synthetic fixture
synthetic_015_1,ceftazidime,Susceptible,Synthetic fixture
synthetic_015_1,ciprofloxacin,Resistant,Synthetic fixture
synthetic_015_1,gentamicin,Susceptible,Synthetic fixture
synthetic_015_1,meropenem,Resistant,Synthetic fixture
synthetic_015_2,ceftazidime,Susceptible,Synthetic fixture
synthetic_015_2,ciprofloxacin,Resistant,Synthetic fixture
synthetic_015_2,gentamicin,Susceptible,Synthetic fixture
synthetic_015_2,meropenem,Resistant,Synthetic fixture
synthetic_015_3,ceftazidime,Susceptible,Synthetic fixture
synthetic_015_3,ciprofloxacin,Resistant,Synthetic fixture
synthetic_015_3,gentamicin,Susceptible,Synthetic fixture
synthetic_015_3,meropenem,Resistant,Synthetic fixture
synthetic_016_0,ceftazidime,Resistant,Synthetic fixture
synthetic_016_0,ciprofloxacin,Susceptible,Synthetic fixture
synthetic_016_0,gentamicin,Susceptible,Synthetic fixture
synthetic_016_0,meropenem,Resistant,Synthetic fixture
synthetic_016_1,ceftazidime,Resistant,Synthetic fixture
synthetic_016_1,ciprofloxacin,Susceptible,Synthetic fixture
synthetic_016_1,gentamicin,Susceptible,Synthetic fixture
synthetic_016_1,meropenem,Resistant,Synthetic fixture
synthetic_016_2,ceftazidime,Resistant,Synthetic fixture
synthetic_016_2,ciprofloxacin,Susceptible,Synthetic fixture
synthetic_016_2,gentamicin,Susceptible,Synthetic fixture
synthetic_016_2,meropenem,Resistant,Synthetic fixture
synthetic_016_3,ceftazidime,Resistant,Synthetic fixture
synthetic_016_3,ciprofloxacin,Susceptible,Synthetic fixture
synthetic_016_3,gentamicin,Susceptible,Synthetic fixture
synthetic_016_3,meropenem,Resistant,Synthetic fixture
synthetic_017_0,ceftazidime,Resistant,Synthetic fixture
synthetic_017_0,ciprofloxacin,Susceptible,Synthetic fixture
synthetic_017_0,gentamicin,Susceptible,Synthetic fixture
synthetic_017_0,meropenem,Susceptible,Synthetic fixture
synthetic_017_1,ceftazidime,Resistant,Synthetic fixture
synthetic_017_1,ciprofloxacin,Susceptible,Synthetic fixture
synthetic_017_1,gentamicin,Susceptible,Synthetic fixture
synthetic_017_1,meropenem,Susceptible,Synthetic fixture
synthetic_017_2,ceftazidime,Resistant,Synthetic fixture
synthetic_017_2,ciprofloxacin,Susceptible,Synthetic fixture
synthetic_017_2,gentamicin,Susceptible,Synthetic fixture
synthetic_017_2,meropenem,Susceptible,Synthetic fixture
synthetic_017_3,ceftazidime,Resistant,Synthetic fixture
synthetic_017_3,ciprofloxacin,Susceptible,Synthetic fixture
synthetic_017_3,gentamicin,Susceptible,Synthetic fixture
synthetic_017_3,meropenem,Susceptible,Synthetic fixture
synthetic_018_0,ceftazidime,Resistant,Synthetic fixture
synthetic_018_0,ciprofloxacin,Susceptible,Synthetic fixture
synthetic_018_0,gentamicin,Resistant,Synthetic fixture
synthetic_018_0,meropenem,Susceptible,Synthetic fixture
synthetic_018_1,ceftazidime,Resistant,Synthetic fixture
synthetic_018_1,ciprofloxacin,Susceptible,Synthetic fixture
synthetic_018_1,gentamicin,Resistant,Synthetic fixture
synthetic_018_1,meropenem,Susceptible,Synthetic fixture
synthetic_018_2,ceftazidime,Resistant,Synthetic fixture
synthetic_018_2,ciprofloxacin,Susceptible,Synthetic fixture
synthetic_018_2,gentamicin,Resistant,Synthetic fixture
synthetic_018_2,meropenem,Susceptible,Synthetic fixture
synthetic_018_3,ceftazidime,Resistant,Synthetic fixture
synthetic_018_3,ciprofloxacin,Susceptible,Synthetic fixture
synthetic_018_3,gentamicin,Resistant,Synthetic fixture
synthetic_018_3,meropenem,Susceptible,Synthetic fixture
synthetic_019_0,ceftazidime,Susceptible,Synthetic fixture
synthetic_019_0,ciprofloxacin,Resistant,Synthetic fixture
synthetic_019_0,gentamicin,Resistant,Synthetic fixture
synthetic_019_0,meropenem,Susceptible,Synthetic fixture
synthetic_019_1,ceftazidime,Susceptible,Synthetic fixture
synthetic_019_1,ciprofloxacin,Resistant,Synthetic fixture
synthetic_019_1,gentamicin,Resistant,Synthetic fixture
synthetic_019_1,meropenem,Susceptible,Synthetic fixture
synthetic_019_2,ceftazidime,Susceptible,Synthetic fixture
synthetic_019_2,ciprofloxacin,Resistant,Synthetic fixture
synthetic_019_2,gentamicin,Resistant,Synthetic fixture
synthetic_019_2,meropenem,Susceptible,Synthetic fixture
synthetic_019_3,ceftazidime,Susceptible,Synthetic fixture
synthetic_019_3,ciprofloxacin,Resistant,Synthetic fixture
synthetic_019_3,gentamicin,Resistant,Synthetic fixture
synthetic_019_3,meropenem,Susceptible,Synthetic fixture
synthetic_020_0,ceftazidime,Susceptible,Synthetic fixture
synthetic_020_0,ciprofloxacin,Resistant,Synthetic fixture
synthetic_020_0,gentamicin,Susceptible,Synthetic fixture
synthetic_020_0,meropenem,Resistant,Synthetic fixture
synthetic_020_1,ceftazidime,Susceptible,Synthetic fixture
synthetic_020_1,ciprofloxacin,Resistant,Synthetic fixture
synthetic_020_1,gentamicin,Susceptible,Synthetic fixture
synthetic_020_1,meropenem,Resistant,Synthetic fixture
synthetic_020_2,ceftazidime,Susceptible,Synthetic fixture
synthetic_020_2,ciprofloxacin,Resistant,Synthetic fixture
synthetic_020_2,gentamicin,Susceptible,Synthetic fixture
synthetic_020_2,meropenem,Resistant,Synthetic fixture
synthetic_020_3,ceftazidime,Susceptible,Synthetic fixture
synthetic_020_3,ciprofloxacin,Resistant,Synthetic fixture
synthetic_020_3,gentamicin,Susceptible,Synthetic fixture
synthetic_020_3,meropenem,Resistant,Synthetic fixture
synthetic_021_0,ceftazidime,Susceptible,Synthetic fixture
synthetic_021_0,ciprofloxacin,Susceptible,Synthetic fixture
synthetic_021_0,gentamicin,Susceptible,Synthetic fixture
synthetic_021_0,meropenem,Resistant,Synthetic fixture
synthetic_021_1,ceftazidime,Susceptible,Synthetic fixture
synthetic_021_1,ciprofloxacin,Susceptible,Synthetic fixture
synthetic_021_1,gentamicin,Susceptible,Synthetic fixture
synthetic_021_1,meropenem,Resistant,Synthetic fixture
synthetic_021_2,ceftazidime,Susceptible,Synthetic fixture
synthetic_021_2,ciprofloxacin,Susceptible,Synthetic fixture
synthetic_021_2,gentamicin,Susceptible,Synthetic fixture
synthetic_021_2,meropenem,Resistant,Synthetic fixture
synthetic_021_3,ceftazidime,Susceptible,Synthetic fixture
synthetic_021_3,ciprofloxacin,Susceptible,Synthetic fixture
synthetic_021_3,gentamicin,Susceptible,Synthetic fixture
synthetic_021_3,meropenem,Resistant,Synthetic fixture
synthetic_022_0,ceftazidime,Resistant,Synthetic fixture
synthetic_022_0,ciprofloxacin,Susceptible,Synthetic fixture
synthetic_022_0,gentamicin,Susceptible,Synthetic fixture
synthetic_022_0,meropenem,Susceptible,Synthetic fixture
synthetic_022_1,ceftazidime,Resistant,Synthetic fixture
synthetic_022_1,ciprofloxacin,Susceptible,Synthetic fixture
synthetic_022_1,gentamicin,Susceptible,Synthetic fixture
synthetic_022_1,meropenem,Susceptible,Synthetic fixture
synthetic_022_2,ceftazidime,Resistant,Synthetic fixture
synthetic_022_2,ciprofloxacin,Susceptible,Synthetic fixture
synthetic_022_2,gentamicin,Susceptible,Synthetic fixture
synthetic_022_2,meropenem,Susceptible,Synthetic fixture
synthetic_022_3,ceftazidime,Resistant,Synthetic fixture
synthetic_022_3,ciprofloxacin,Susceptible,Synthetic fixture
synthetic_022_3,gentamicin,Susceptible,Synthetic fixture
synthetic_022_3,meropenem,Susceptible,Synthetic fixture
synthetic_023_0,ceftazidime,Resistant,Synthetic fixture
synthetic_023_0,ciprofloxacin,Susceptible,Synthetic fixture
synthetic_023_0,gentamicin,Resistant,Synthetic fixture
synthetic_023_0,meropenem,Resistant,Synthetic fixture
synthetic_023_1,ceftazidime,Resistant,Synthetic fixture
synthetic_023_1,ciprofloxacin,Susceptible,Synthetic fixture
synthetic_023_1,gentamicin,Resistant,Synthetic fixture
synthetic_023_1,meropenem,Resistant,Synthetic fixture
synthetic_023_2,ceftazidime,Resistant,Synthetic fixture
synthetic_023_2,ciprofloxacin,Susceptible,Synthetic fixture
synthetic_023_2,gentamicin,Resistant,Synthetic fixture
synthetic_023_2,meropenem,Resistant,Synthetic fixture
synthetic_023_3,ceftazidime,Resistant,Synthetic fixture
synthetic_023_3,ciprofloxacin,Susceptible,Synthetic fixture
synthetic_023_3,gentamicin,Resistant,Synthetic fixture
synthetic_023_3,meropenem,Resistant,Synthetic fixture
synthetic_024_0,ceftazidime,Susceptible,Synthetic fixture
synthetic_024_0,ciprofloxacin,Resistant,Synthetic fixture
synthetic_024_0,gentamicin,Resistant,Synthetic fixture
synthetic_024_0,meropenem,Susceptible,Synthetic fixture
synthetic_024_1,ceftazidime,Susceptible,Synthetic fixture
synthetic_024_1,ciprofloxacin,Resistant,Synthetic fixture
synthetic_024_1,gentamicin,Resistant,Synthetic fixture
synthetic_024_1,meropenem,Susceptible,Synthetic fixture
synthetic_024_2,ceftazidime,Susceptible,Synthetic fixture
synthetic_024_2,ciprofloxacin,Resistant,Synthetic fixture
synthetic_024_2,gentamicin,Resistant,Synthetic fixture
synthetic_024_2,meropenem,Susceptible,Synthetic fixture
synthetic_024_3,ceftazidime,Susceptible,Synthetic fixture
synthetic_024_3,ciprofloxacin,Resistant,Synthetic fixture
synthetic_024_3,gentamicin,Resistant,Synthetic fixture
synthetic_024_3,meropenem,Susceptible,Synthetic fixture
synthetic_025_0,ceftazidime,Susceptible,Synthetic fixture
synthetic_025_0,ciprofloxacin,Resistant,Synthetic fixture
synthetic_025_0,gentamicin,Susceptible,Synthetic fixture
synthetic_025_0,meropenem,Resistant,Synthetic fixture
synthetic_025_1,ceftazidime,Susceptible,Synthetic fixture
synthetic_025_1,ciprofloxacin,Resistant,Synthetic fixture
synthetic_025_1,gentamicin,Susceptible,Synthetic fixture
synthetic_025_1,meropenem,Resistant,Synthetic fixture
synthetic_025_2,ceftazidime,Susceptible,Synthetic fixture
synthetic_025_2,ciprofloxacin,Resistant,Synthetic fixture
synthetic_025_2,gentamicin,Susceptible,Synthetic fixture
synthetic_025_2,meropenem,Resistant,Synthetic fixture
synthetic_025_3,ceftazidime,Susceptible,Synthetic fixture
synthetic_025_3,ciprofloxacin,Resistant,Synthetic fixture
synthetic_025_3,gentamicin,Susceptible,Synthetic fixture
synthetic_025_3,meropenem,Resistant,Synthetic fixture
synthetic_026_0,ceftazidime,Susceptible,Synthetic fixture
synthetic_026_0,ciprofloxacin,Susceptible,Synthetic fixture
synthetic_026_0,gentamicin,Resistant,Synthetic fixture
synthetic_026_0,meropenem,Resistant,Synthetic fixture
synthetic_026_1,ceftazidime,Susceptible,Synthetic fixture
synthetic_026_1,ciprofloxacin,Susceptible,Synthetic fixture
synthetic_026_1,gentamicin,Resistant,Synthetic fixture
synthetic_026_1,meropenem,Resistant,Synthetic fixture
synthetic_026_2,ceftazidime,Susceptible,Synthetic fixture
synthetic_026_2,ciprofloxacin,Susceptible,Synthetic fixture
synthetic_026_2,gentamicin,Resistant,Synthetic fixture
synthetic_026_2,meropenem,Resistant,Synthetic fixture
synthetic_026_3,ceftazidime,Susceptible,Synthetic fixture
synthetic_026_3,ciprofloxacin,Susceptible,Synthetic fixture
synthetic_026_3,gentamicin,Resistant,Synthetic fixture
synthetic_026_3,meropenem,Resistant,Synthetic fixture
synthetic_027_0,ceftazidime,Resistant,Synthetic fixture
synthetic_027_0,ciprofloxacin,Resistant,Synthetic fixture
synthetic_027_0,gentamicin,Susceptible,Synthetic fixture
synthetic_027_0,meropenem,Susceptible,Synthetic fixture
synthetic_027_1,ceftazidime,Resistant,Synthetic fixture
synthetic_027_1,ciprofloxacin,Resistant,Synthetic fixture
synthetic_027_1,gentamicin,Susceptible,Synthetic fixture
synthetic_027_1,meropenem,Susceptible,Synthetic fixture
synthetic_027_2,ceftazidime,Resistant,Synthetic fixture
synthetic_027_2,ciprofloxacin,Resistant,Synthetic fixture
synthetic_027_2,gentamicin,Susceptible,Synthetic fixture
synthetic_027_2,meropenem,Susceptible,Synthetic fixture
synthetic_027_3,ceftazidime,Resistant,Synthetic fixture
synthetic_027_3,ciprofloxacin,Resistant,Synthetic fixture
synthetic_027_3,gentamicin,Susceptible,Synthetic fixture
synthetic_027_3,meropenem,Susceptible,Synthetic fixture
synthetic_028_0,ceftazidime,Resistant,Synthetic fixture
synthetic_028_0,ciprofloxacin,Susceptible,Synthetic fixture
synthetic_028_0,gentamicin,Resistant,Synthetic fixture
synthetic_028_0,meropenem,Susceptible,Synthetic fixture
synthetic_028_1,ceftazidime,Resistant,Synthetic fixture
synthetic_028_1,ciprofloxacin,Susceptible,Synthetic fixture
synthetic_028_1,gentamicin,Resistant,Synthetic fixture
synthetic_028_1,meropenem,Susceptible,Synthetic fixture
synthetic_028_2,ceftazidime,Resistant,Synthetic fixture
synthetic_028_2,ciprofloxacin,Susceptible,Synthetic fixture
synthetic_028_2,gentamicin,Resistant,Synthetic fixture
synthetic_028_2,meropenem,Susceptible,Synthetic fixture
synthetic_028_3,ceftazidime,Resistant,Synthetic fixture
synthetic_028_3,ciprofloxacin,Susceptible,Synthetic fixture
synthetic_028_3,gentamicin,Resistant,Synthetic fixture
synthetic_028_3,meropenem,Susceptible,Synthetic fixture
synthetic_029_0,ceftazidime,Susceptible,Synthetic fixture
synthetic_029_0,ciprofloxacin,Resistant,Synthetic fixture
synthetic_029_0,gentamicin,Resistant,Synthetic fixture
synthetic_029_0,meropenem,Susceptible,Synthetic fixture
synthetic_029_1,ceftazidime,Susceptible,Synthetic fixture
synthetic_029_1,ciprofloxacin,Resistant,Synthetic fixture
synthetic_029_1,gentamicin,Resistant,Synthetic fixture
synthetic_029_1,meropenem,Susceptible,Synthetic fixture
synthetic_029_2,ceftazidime,Susceptible,Synthetic fixture
synthetic_029_2,ciprofloxacin,Resistant,Synthetic fixture
synthetic_029_2,gentamicin,Resistant,Synthetic fixture
synthetic_029_2,meropenem,Susceptible,Synthetic fixture
synthetic_029_3,ceftazidime,Susceptible,Synthetic fixture
synthetic_029_3,ciprofloxacin,Resistant,Synthetic fixture
synthetic_029_3,gentamicin,Resistant,Synthetic fixture
synthetic_029_3,meropenem,Susceptible,Synthetic fixture
synthetic_030_0,ceftazidime,Susceptible,Synthetic fixture
synthetic_030_0,ciprofloxacin,Resistant,Synthetic fixture
synthetic_030_0,gentamicin,Susceptible,Synthetic fixture
synthetic_030_0,meropenem,Resistant,Synthetic fixture
synthetic_030_1,ceftazidime,Susceptible,Synthetic fixture
synthetic_030_1,ciprofloxacin,Resistant,Synthetic fixture
synthetic_030_1,gentamicin,Susceptible,Synthetic fixture
synthetic_030_1,meropenem,Resistant,Synthetic fixture
synthetic_030_2,ceftazidime,Susceptible,Synthetic fixture
synthetic_030_2,ciprofloxacin,Resistant,Synthetic fixture
synthetic_030_2,gentamicin,Susceptible,Synthetic fixture
synthetic_030_2,meropenem,Resistant,Synthetic fixture
synthetic_030_3,ceftazidime,Susceptible,Synthetic fixture
synthetic_030_3,ciprofloxacin,Resistant,Synthetic fixture
synthetic_030_3,gentamicin,Susceptible,Synthetic fixture
synthetic_030_3,meropenem,Resistant,Synthetic fixture
synthetic_031_0,ceftazidime,Susceptible,Synthetic fixture
synthetic_031_0,ciprofloxacin,Susceptible,Synthetic fixture
synthetic_031_0,gentamicin,Susceptible,Synthetic fixture
synthetic_031_0,meropenem,Resistant,Synthetic fixture
synthetic_031_1,ceftazidime,Susceptible,Synthetic fixture
synthetic_031_1,ciprofloxacin,Susceptible,Synthetic fixture
synthetic_031_1,gentamicin,Susceptible,Synthetic fixture
synthetic_031_1,meropenem,Resistant,Synthetic fixture
synthetic_031_2,ceftazidime,Susceptible,Synthetic fixture
synthetic_031_2,ciprofloxacin,Susceptible,Synthetic fixture
synthetic_031_2,gentamicin,Susceptible,Synthetic fixture
synthetic_031_2,meropenem,Resistant,Synthetic fixture
synthetic_031_3,ceftazidime,Susceptible,Synthetic fixture
synthetic_031_3,ciprofloxacin,Susceptible,Synthetic fixture
synthetic_031_3,gentamicin,Susceptible,Synthetic fixture
synthetic_031_3,meropenem,Resistant,Synthetic fixture
synthetic_032_0,ceftazidime,Resistant,Synthetic fixture
synthetic_032_0,ciprofloxacin,Susceptible,Synthetic fixture
synthetic_032_0,gentamicin,Susceptible,Synthetic fixture
synthetic_032_0,meropenem,Susceptible,Synthetic fixture
synthetic_032_1,ceftazidime,Resistant,Synthetic fixture
synthetic_032_1,ciprofloxacin,Susceptible,Synthetic fixture
synthetic_032_1,gentamicin,Susceptible,Synthetic fixture
synthetic_032_1,meropenem,Susceptible,Synthetic fixture
synthetic_032_2,ceftazidime,Resistant,Synthetic fixture
synthetic_032_2,ciprofloxacin,Susceptible,Synthetic fixture
synthetic_032_2,gentamicin,Susceptible,Synthetic fixture
synthetic_032_2,meropenem,Susceptible,Synthetic fixture
synthetic_032_3,ceftazidime,Resistant,Synthetic fixture
synthetic_032_3,ciprofloxacin,Susceptible,Synthetic fixture
synthetic_032_3,gentamicin,Susceptible,Synthetic fixture
synthetic_032_3,meropenem,Susceptible,Synthetic fixture
synthetic_033_0,ceftazidime,Resistant,Synthetic fixture
synthetic_033_0,ciprofloxacin,Susceptible,Synthetic fixture
synthetic_033_0,gentamicin,Resistant,Synthetic fixture
synthetic_033_0,meropenem,Susceptible,Synthetic fixture
synthetic_033_1,ceftazidime,Resistant,Synthetic fixture
synthetic_033_1,ciprofloxacin,Susceptible,Synthetic fixture
synthetic_033_1,gentamicin,Resistant,Synthetic fixture
synthetic_033_1,meropenem,Susceptible,Synthetic fixture
synthetic_033_2,ceftazidime,Resistant,Synthetic fixture
synthetic_033_2,ciprofloxacin,Susceptible,Synthetic fixture
synthetic_033_2,gentamicin,Resistant,Synthetic fixture
synthetic_033_2,meropenem,Susceptible,Synthetic fixture
synthetic_033_3,ceftazidime,Resistant,Synthetic fixture
synthetic_033_3,ciprofloxacin,Susceptible,Synthetic fixture
synthetic_033_3,gentamicin,Resistant,Synthetic fixture
synthetic_033_3,meropenem,Susceptible,Synthetic fixture
synthetic_034_0,ceftazidime,Susceptible,Synthetic fixture
synthetic_034_0,ciprofloxacin,Resistant,Synthetic fixture
synthetic_034_0,gentamicin,Resistant,Synthetic fixture
synthetic_034_0,meropenem,Susceptible,Synthetic fixture
synthetic_034_1,ceftazidime,Susceptible,Synthetic fixture
synthetic_034_1,ciprofloxacin,Resistant,Synthetic fixture
synthetic_034_1,gentamicin,Resistant,Synthetic fixture
synthetic_034_1,meropenem,Susceptible,Synthetic fixture
synthetic_034_2,ceftazidime,Susceptible,Synthetic fixture
synthetic_034_2,ciprofloxacin,Resistant,Synthetic fixture
synthetic_034_2,gentamicin,Resistant,Synthetic fixture
synthetic_034_2,meropenem,Susceptible,Synthetic fixture
synthetic_034_3,ceftazidime,Susceptible,Synthetic fixture
synthetic_034_3,ciprofloxacin,Resistant,Synthetic fixture
synthetic_034_3,gentamicin,Resistant,Synthetic fixture
synthetic_034_3,meropenem,Susceptible,Synthetic fixture
synthetic_035_0,ceftazidime,Susceptible,Synthetic fixture
synthetic_035_0,ciprofloxacin,Resistant,Synthetic fixture
synthetic_035_0,gentamicin,Susceptible,Synthetic fixture
synthetic_035_0,meropenem,Resistant,Synthetic fixture
synthetic_035_1,ceftazidime,Susceptible,Synthetic fixture
synthetic_035_1,ciprofloxacin,Resistant,Synthetic fixture
synthetic_035_1,gentamicin,Susceptible,Synthetic fixture
synthetic_035_1,meropenem,Resistant,Synthetic fixture
synthetic_035_2,ceftazidime,Susceptible,Synthetic fixture
synthetic_035_2,ciprofloxacin,Resistant,Synthetic fixture
synthetic_035_2,gentamicin,Susceptible,Synthetic fixture
synthetic_035_2,meropenem,Resistant,Synthetic fixture
synthetic_035_3,ceftazidime,Susceptible,Synthetic fixture
synthetic_035_3,ciprofloxacin,Resistant,Synthetic fixture
synthetic_035_3,gentamicin,Susceptible,Synthetic fixture
synthetic_035_3,meropenem,Resistant,Synthetic fixture
synthetic_036_0,ceftazidime,Susceptible,Synthetic fixture
synthetic_036_0,ciprofloxacin,Resistant,Synthetic fixture
synthetic_036_0,gentamicin,Susceptible,Synthetic fixture
synthetic_036_0,meropenem,Resistant,Synthetic fixture
synthetic_036_1,ceftazidime,Susceptible,Synthetic fixture
synthetic_036_1,ciprofloxacin,Resistant,Synthetic fixture
synthetic_036_1,gentamicin,Susceptible,Synthetic fixture
synthetic_036_1,meropenem,Resistant,Synthetic fixture
synthetic_036_2,ceftazidime,Susceptible,Synthetic fixture
synthetic_036_2,ciprofloxacin,Resistant,Synthetic fixture
synthetic_036_2,gentamicin,Susceptible,Synthetic fixture
synthetic_036_2,meropenem,Resistant,Synthetic fixture
synthetic_036_3,ceftazidime,Susceptible,Synthetic fixture
synthetic_036_3,ciprofloxacin,Resistant,Synthetic fixture
synthetic_036_3,gentamicin,Susceptible,Synthetic fixture
synthetic_036_3,meropenem,Resistant,Synthetic fixture
synthetic_037_0,ceftazidime,Resistant,Synthetic fixture
synthetic_037_0,ciprofloxacin,Susceptible,Synthetic fixture
synthetic_037_0,gentamicin,Susceptible,Synthetic fixture
synthetic_037_0,meropenem,Susceptible,Synthetic fixture
synthetic_037_1,ceftazidime,Resistant,Synthetic fixture
synthetic_037_1,ciprofloxacin,Susceptible,Synthetic fixture
synthetic_037_1,gentamicin,Susceptible,Synthetic fixture
synthetic_037_1,meropenem,Susceptible,Synthetic fixture
synthetic_037_2,ceftazidime,Resistant,Synthetic fixture
synthetic_037_2,ciprofloxacin,Susceptible,Synthetic fixture
synthetic_037_2,gentamicin,Susceptible,Synthetic fixture
synthetic_037_2,meropenem,Susceptible,Synthetic fixture
synthetic_037_3,ceftazidime,Resistant,Synthetic fixture
synthetic_037_3,ciprofloxacin,Susceptible,Synthetic fixture
synthetic_037_3,gentamicin,Susceptible,Synthetic fixture
synthetic_037_3,meropenem,Susceptible,Synthetic fixture
synthetic_038_0,ceftazidime,Resistant,Synthetic fixture
synthetic_038_0,ciprofloxacin,Susceptible,Synthetic fixture
synthetic_038_0,gentamicin,Resistant,Synthetic fixture
synthetic_038_0,meropenem,Susceptible,Synthetic fixture
synthetic_038_1,ceftazidime,Resistant,Synthetic fixture
synthetic_038_1,ciprofloxacin,Susceptible,Synthetic fixture
synthetic_038_1,gentamicin,Resistant,Synthetic fixture
synthetic_038_1,meropenem,Susceptible,Synthetic fixture
synthetic_038_2,ceftazidime,Resistant,Synthetic fixture
synthetic_038_2,ciprofloxacin,Susceptible,Synthetic fixture
synthetic_038_2,gentamicin,Resistant,Synthetic fixture
synthetic_038_2,meropenem,Susceptible,Synthetic fixture
synthetic_038_3,ceftazidime,Resistant,Synthetic fixture
synthetic_038_3,ciprofloxacin,Susceptible,Synthetic fixture
synthetic_038_3,gentamicin,Resistant,Synthetic fixture
synthetic_038_3,meropenem,Susceptible,Synthetic fixture
synthetic_039_0,ceftazidime,Susceptible,Synthetic fixture
synthetic_039_0,ciprofloxacin,Resistant,Synthetic fixture
synthetic_039_0,gentamicin,Resistant,Synthetic fixture
synthetic_039_0,meropenem,Susceptible,Synthetic fixture
synthetic_039_1,ceftazidime,Susceptible,Synthetic fixture
synthetic_039_1,ciprofloxacin,Resistant,Synthetic fixture
synthetic_039_1,gentamicin,Resistant,Synthetic fixture
synthetic_039_1,meropenem,Susceptible,Synthetic fixture
synthetic_039_2,ceftazidime,Susceptible,Synthetic fixture
synthetic_039_2,ciprofloxacin,Resistant,Synthetic fixture
synthetic_039_2,gentamicin,Resistant,Synthetic fixture
synthetic_039_2,meropenem,Susceptible,Synthetic fixture
synthetic_039_3,ceftazidime,Susceptible,Synthetic fixture
synthetic_039_3,ciprofloxacin,Resistant,Synthetic fixture
synthetic_039_3,gentamicin,Resistant,Synthetic fixture
synthetic_039_3,meropenem,Susceptible,Synthetic fixture
synthetic_040_0,ceftazidime,Susceptible,Synthetic fixture
synthetic_040_0,ciprofloxacin,Resistant,Synthetic fixture
synthetic_040_0,gentamicin,Susceptible,Synthetic fixture
synthetic_040_0,meropenem,Resistant,Synthetic fixture
synthetic_040_1,ceftazidime,Susceptible,Synthetic fixture
synthetic_040_1,ciprofloxacin,Resistant,Synthetic fixture
synthetic_040_1,gentamicin,Susceptible,Synthetic fixture
synthetic_040_1,meropenem,Resistant,Synthetic fixture
synthetic_040_2,ceftazidime,Susceptible,Synthetic fixture
synthetic_040_2,ciprofloxacin,Resistant,Synthetic fixture
synthetic_040_2,gentamicin,Susceptible,Synthetic fixture
synthetic_040_2,meropenem,Resistant,Synthetic fixture
synthetic_040_3,ceftazidime,Susceptible,Synthetic fixture
synthetic_040_3,ciprofloxacin,Resistant,Synthetic fixture
synthetic_040_3,gentamicin,Susceptible,Synthetic fixture
synthetic_040_3,meropenem,Resistant,Synthetic fixture
synthetic_041_0,ceftazidime,Susceptible,Synthetic fixture
synthetic_041_0,ciprofloxacin,Susceptible,Synthetic fixture
synthetic_041_0,gentamicin,Susceptible,Synthetic fixture
synthetic_041_0,meropenem,Resistant,Synthetic fixture
synthetic_041_1,ceftazidime,Susceptible,Synthetic fixture
synthetic_041_1,ciprofloxacin,Susceptible,Synthetic fixture
synthetic_041_1,gentamicin,Susceptible,Synthetic fixture
synthetic_041_1,meropenem,Resistant,Synthetic fixture
synthetic_041_2,ceftazidime,Susceptible,Synthetic fixture
synthetic_041_2,ciprofloxacin,Susceptible,Synthetic fixture
synthetic_041_2,gentamicin,Susceptible,Synthetic fixture
synthetic_041_2,meropenem,Resistant,Synthetic fixture
synthetic_041_3,ceftazidime,Susceptible,Synthetic fixture
synthetic_041_3,ciprofloxacin,Susceptible,Synthetic fixture
synthetic_041_3,gentamicin,Susceptible,Synthetic fixture
synthetic_041_3,meropenem,Resistant,Synthetic fixture
synthetic_042_0,ceftazidime,Resistant,Synthetic fixture
synthetic_042_0,ciprofloxacin,Susceptible,Synthetic fixture
synthetic_042_0,gentamicin,Susceptible,Synthetic fixture
synthetic_042_0,meropenem,Resistant,Synthetic fixture
synthetic_042_1,ceftazidime,Resistant,Synthetic fixture
synthetic_042_1,ciprofloxacin,Susceptible,Synthetic fixture
synthetic_042_1,gentamicin,Susceptible,Synthetic fixture
synthetic_042_1,meropenem,Resistant,Synthetic fixture
synthetic_042_2,ceftazidime,Resistant,Synthetic fixture
synthetic_042_2,ciprofloxacin,Susceptible,Synthetic fixture
synthetic_042_2,gentamicin,Susceptible,Synthetic fixture
synthetic_042_2,meropenem,Resistant,Synthetic fixture
synthetic_042_3,ceftazidime,Resistant,Synthetic fixture
synthetic_042_3,ciprofloxacin,Susceptible,Synthetic fixture
synthetic_042_3,gentamicin,Susceptible,Synthetic fixture
synthetic_042_3,meropenem,Resistant,Synthetic fixture
synthetic_043_0,ceftazidime,Resistant,Synthetic fixture
synthetic_043_0,ciprofloxacin,Susceptible,Synthetic fixture
synthetic_043_0,gentamicin,Resistant,Synthetic fixture
synthetic_043_0,meropenem,Susceptible,Synthetic fixture
synthetic_043_1,ceftazidime,Resistant,Synthetic fixture
synthetic_043_1,ciprofloxacin,Susceptible,Synthetic fixture
synthetic_043_1,gentamicin,Resistant,Synthetic fixture
synthetic_043_1,meropenem,Susceptible,Synthetic fixture
synthetic_043_2,ceftazidime,Resistant,Synthetic fixture
synthetic_043_2,ciprofloxacin,Susceptible,Synthetic fixture
synthetic_043_2,gentamicin,Resistant,Synthetic fixture
synthetic_043_2,meropenem,Susceptible,Synthetic fixture
synthetic_043_3,ceftazidime,Resistant,Synthetic fixture
synthetic_043_3,ciprofloxacin,Susceptible,Synthetic fixture
synthetic_043_3,gentamicin,Resistant,Synthetic fixture
synthetic_043_3,meropenem,Susceptible,Synthetic fixture
synthetic_044_0,ceftazidime,Susceptible,Synthetic fixture
synthetic_044_0,ciprofloxacin,Resistant,Synthetic fixture
synthetic_044_0,gentamicin,Resistant,Synthetic fixture
synthetic_044_0,meropenem,Susceptible,Synthetic fixture
synthetic_044_1,ceftazidime,Susceptible,Synthetic fixture
synthetic_044_1,ciprofloxacin,Resistant,Synthetic fixture
synthetic_044_1,gentamicin,Resistant,Synthetic fixture
synthetic_044_1,meropenem,Susceptible,Synthetic fixture
synthetic_044_2,ceftazidime,Susceptible,Synthetic fixture
synthetic_044_2,ciprofloxacin,Resistant,Synthetic fixture
synthetic_044_2,gentamicin,Resistant,Synthetic fixture
synthetic_044_2,meropenem,Susceptible,Synthetic fixture
synthetic_044_3,ceftazidime,Susceptible,Synthetic fixture
synthetic_044_3,ciprofloxacin,Resistant,Synthetic fixture
synthetic_044_3,gentamicin,Resistant,Synthetic fixture
synthetic_044_3,meropenem,Susceptible,Synthetic fixture
synthetic_045_0,ceftazidime,Susceptible,Synthetic fixture
synthetic_045_0,ciprofloxacin,Resistant,Synthetic fixture
synthetic_045_0,gentamicin,Susceptible,Synthetic fixture
synthetic_045_0,meropenem,Resistant,Synthetic fixture
synthetic_045_1,ceftazidime,Susceptible,Synthetic fixture
synthetic_045_1,ciprofloxacin,Resistant,Synthetic fixture
synthetic_045_1,gentamicin,Susceptible,Synthetic fixture
synthetic_045_1,meropenem,Resistant,Synthetic fixture
synthetic_045_2,ceftazidime,Susceptible,Synthetic fixture
synthetic_045_2,ciprofloxacin,Resistant,Synthetic fixture
synthetic_045_2,gentamicin,Susceptible,Synthetic fixture
synthetic_045_2,meropenem,Resistant,Synthetic fixture
synthetic_045_3,ceftazidime,Susceptible,Synthetic fixture
synthetic_045_3,ciprofloxacin,Resistant,Synthetic fixture
synthetic_045_3,gentamicin,Susceptible,Synthetic fixture
synthetic_045_3,meropenem,Resistant,Synthetic fixture
synthetic_046_0,ceftazidime,Susceptible,Synthetic fixture
synthetic_046_0,ciprofloxacin,Susceptible,Synthetic fixture
synthetic_046_0,gentamicin,Susceptible,Synthetic fixture
synthetic_046_0,meropenem,Susceptible,Synthetic fixture
synthetic_046_1,ceftazidime,Susceptible,Synthetic fixture
synthetic_046_1,ciprofloxacin,Susceptible,Synthetic fixture
synthetic_046_1,gentamicin,Susceptible,Synthetic fixture
synthetic_046_1,meropenem,Susceptible,Synthetic fixture
synthetic_046_2,ceftazidime,Susceptible,Synthetic fixture
synthetic_046_2,ciprofloxacin,Susceptible,Synthetic fixture
synthetic_046_2,gentamicin,Susceptible,Synthetic fixture
synthetic_046_2,meropenem,Susceptible,Synthetic fixture
synthetic_046_3,ceftazidime,Susceptible,Synthetic fixture
synthetic_046_3,ciprofloxacin,Susceptible,Synthetic fixture
synthetic_046_3,gentamicin,Susceptible,Synthetic fixture
synthetic_046_3,meropenem,Susceptible,Synthetic fixture
synthetic_047_0,ceftazidime,Resistant,Synthetic fixture
synthetic_047_0,ciprofloxacin,Susceptible,Synthetic fixture
synthetic_047_0,gentamicin,Susceptible,Synthetic fixture
synthetic_047_0,meropenem,Susceptible,Synthetic fixture
synthetic_047_1,ceftazidime,Resistant,Synthetic fixture
synthetic_047_1,ciprofloxacin,Susceptible,Synthetic fixture
synthetic_047_1,gentamicin,Susceptible,Synthetic fixture
synthetic_047_1,meropenem,Susceptible,Synthetic fixture
synthetic_047_2,ceftazidime,Resistant,Synthetic fixture
synthetic_047_2,ciprofloxacin,Susceptible,Synthetic fixture
synthetic_047_2,gentamicin,Susceptible,Synthetic fixture
synthetic_047_2,meropenem,Susceptible,Synthetic fixture
synthetic_047_3,ceftazidime,Resistant,Synthetic fixture
synthetic_047_3,ciprofloxacin,Susceptible,Synthetic fixture
synthetic_047_3,gentamicin,Susceptible,Synthetic fixture
synthetic_047_3,meropenem,Susceptible,Synthetic fixture
synthetic_048_0,ceftazidime,Resistant,Synthetic fixture
synthetic_048_0,ciprofloxacin,Resistant,Synthetic fixture
synthetic_048_0,gentamicin,Resistant,Synthetic fixture
synthetic_048_0,meropenem,Susceptible,Synthetic fixture
synthetic_048_1,ceftazidime,Resistant,Synthetic fixture
synthetic_048_1,ciprofloxacin,Resistant,Synthetic fixture
synthetic_048_1,gentamicin,Resistant,Synthetic fixture
synthetic_048_1,meropenem,Susceptible,Synthetic fixture
synthetic_048_2,ceftazidime,Resistant,Synthetic fixture
synthetic_048_2,ciprofloxacin,Resistant,Synthetic fixture
synthetic_048_2,gentamicin,Resistant,Synthetic fixture
synthetic_048_2,meropenem,Susceptible,Synthetic fixture
synthetic_048_3,ceftazidime,Resistant,Synthetic fixture
synthetic_048_3,ciprofloxacin,Resistant,Synthetic fixture
synthetic_048_3,gentamicin,Resistant,Synthetic fixture
synthetic_048_3,meropenem,Susceptible,Synthetic fixture
synthetic_049_0,ceftazidime,Susceptible,Synthetic fixture
synthetic_049_0,ciprofloxacin,Resistant,Synthetic fixture
synthetic_049_0,gentamicin,Susceptible,Synthetic fixture
synthetic_049_0,meropenem,Susceptible,Synthetic fixture
synthetic_049_1,ceftazidime,Susceptible,Synthetic fixture
synthetic_049_1,ciprofloxacin,Resistant,Synthetic fixture
synthetic_049_1,gentamicin,Susceptible,Synthetic fixture
synthetic_049_1,meropenem,Susceptible,Synthetic fixture
synthetic_049_2,ceftazidime,Susceptible,Synthetic fixture
synthetic_049_2,ciprofloxacin,Resistant,Synthetic fixture
synthetic_049_2,gentamicin,Susceptible,Synthetic fixture
synthetic_049_2,meropenem,Susceptible,Synthetic fixture
synthetic_049_3,ceftazidime,Susceptible,Synthetic fixture
synthetic_049_3,ciprofloxacin,Resistant,Synthetic fixture
synthetic_049_3,gentamicin,Susceptible,Synthetic fixture
synthetic_049_3,meropenem,Susceptible,Synthetic fixture
synthetic_050_0,ceftazidime,Susceptible,Synthetic fixture
synthetic_050_0,ciprofloxacin,Resistant,Synthetic fixture
synthetic_050_0,gentamicin,Susceptible,Synthetic fixture
synthetic_050_0,meropenem,Resistant,Synthetic fixture
synthetic_050_1,ceftazidime,Susceptible,Synthetic fixture
synthetic_050_1,ciprofloxacin,Resistant,Synthetic fixture
synthetic_050_1,gentamicin,Susceptible,Synthetic fixture
synthetic_050_1,meropenem,Resistant,Synthetic fixture
synthetic_050_2,ceftazidime,Susceptible,Synthetic fixture
synthetic_050_2,ciprofloxacin,Resistant,Synthetic fixture
synthetic_050_2,gentamicin,Susceptible,Synthetic fixture
synthetic_050_2,meropenem,Resistant,Synthetic fixture
synthetic_050_3,ceftazidime,Susceptible,Synthetic fixture
synthetic_050_3,ciprofloxacin,Resistant,Synthetic fixture
synthetic_050_3,gentamicin,Susceptible,Synthetic fixture
synthetic_050_3,meropenem,Resistant,Synthetic fixture
synthetic_051_0,ceftazidime,Susceptible,Synthetic fixture
synthetic_051_0,ciprofloxacin,Susceptible,Synthetic fixture
synthetic_051_0,gentamicin,Susceptible,Synthetic fixture
synthetic_051_0,meropenem,Resistant,Synthetic fixture
synthetic_051_1,ceftazidime,Susceptible,Synthetic fixture
synthetic_051_1,ciprofloxacin,Susceptible,Synthetic fixture
synthetic_051_1,gentamicin,Susceptible,Synthetic fixture
synthetic_051_1,meropenem,Resistant,Synthetic fixture
synthetic_051_2,ceftazidime,Susceptible,Synthetic fixture
synthetic_051_2,ciprofloxacin,Susceptible,Synthetic fixture
synthetic_051_2,gentamicin,Susceptible,Synthetic fixture
synthetic_051_2,meropenem,Resistant,Synthetic fixture
synthetic_051_3,ceftazidime,Susceptible,Synthetic fixture
synthetic_051_3,ciprofloxacin,Susceptible,Synthetic fixture
synthetic_051_3,gentamicin,Susceptible,Synthetic fixture
synthetic_051_3,meropenem,Resistant,Synthetic fixture
synthetic_052_0,ceftazidime,Resistant,Synthetic fixture
synthetic_052_0,ciprofloxacin,Susceptible,Synthetic fixture
synthetic_052_0,gentamicin,Susceptible,Synthetic fixture
synthetic_052_0,meropenem,Susceptible,Synthetic fixture
synthetic_052_1,ceftazidime,Resistant,Synthetic fixture
synthetic_052_1,ciprofloxacin,Susceptible,Synthetic fixture
synthetic_052_1,gentamicin,Susceptible,Synthetic fixture
synthetic_052_1,meropenem,Susceptible,Synthetic fixture
synthetic_052_2,ceftazidime,Resistant,Synthetic fixture
synthetic_052_2,ciprofloxacin,Susceptible,Synthetic fixture
synthetic_052_2,gentamicin,Susceptible,Synthetic fixture
synthetic_052_2,meropenem,Susceptible,Synthetic fixture
synthetic_052_3,ceftazidime,Resistant,Synthetic fixture
synthetic_052_3,ciprofloxacin,Susceptible,Synthetic fixture
synthetic_052_3,gentamicin,Susceptible,Synthetic fixture
synthetic_052_3,meropenem,Susceptible,Synthetic fixture
synthetic_053_0,ceftazidime,Resistant,Synthetic fixture
synthetic_053_0,ciprofloxacin,Susceptible,Synthetic fixture
synthetic_053_0,gentamicin,Resistant,Synthetic fixture
synthetic_053_0,meropenem,Susceptible,Synthetic fixture
synthetic_053_1,ceftazidime,Resistant,Synthetic fixture
synthetic_053_1,ciprofloxacin,Susceptible,Synthetic fixture
synthetic_053_1,gentamicin,Resistant,Synthetic fixture
synthetic_053_1,meropenem,Susceptible,Synthetic fixture
synthetic_053_2,ceftazidime,Resistant,Synthetic fixture
synthetic_053_2,ciprofloxacin,Susceptible,Synthetic fixture
synthetic_053_2,gentamicin,Resistant,Synthetic fixture
synthetic_053_2,meropenem,Susceptible,Synthetic fixture
synthetic_053_3,ceftazidime,Resistant,Synthetic fixture
synthetic_053_3,ciprofloxacin,Susceptible,Synthetic fixture
synthetic_053_3,gentamicin,Resistant,Synthetic fixture
synthetic_053_3,meropenem,Susceptible,Synthetic fixture
synthetic_054_0,ceftazidime,Susceptible,Synthetic fixture
synthetic_054_0,ciprofloxacin,Resistant,Synthetic fixture
synthetic_054_0,gentamicin,Resistant,Synthetic fixture
synthetic_054_0,meropenem,Susceptible,Synthetic fixture
synthetic_054_1,ceftazidime,Susceptible,Synthetic fixture
synthetic_054_1,ciprofloxacin,Resistant,Synthetic fixture
synthetic_054_1,gentamicin,Resistant,Synthetic fixture
synthetic_054_1,meropenem,Susceptible,Synthetic fixture
synthetic_054_2,ceftazidime,Susceptible,Synthetic fixture
synthetic_054_2,ciprofloxacin,Resistant,Synthetic fixture
synthetic_054_2,gentamicin,Resistant,Synthetic fixture
synthetic_054_2,meropenem,Susceptible,Synthetic fixture
synthetic_054_3,ceftazidime,Susceptible,Synthetic fixture
synthetic_054_3,ciprofloxacin,Resistant,Synthetic fixture
synthetic_054_3,gentamicin,Resistant,Synthetic fixture
synthetic_054_3,meropenem,Susceptible,Synthetic fixture
synthetic_055_0,ceftazidime,Susceptible,Synthetic fixture
synthetic_055_0,ciprofloxacin,Resistant,Synthetic fixture
synthetic_055_0,gentamicin,Susceptible,Synthetic fixture
synthetic_055_0,meropenem,Resistant,Synthetic fixture
synthetic_055_1,ceftazidime,Susceptible,Synthetic fixture
synthetic_055_1,ciprofloxacin,Resistant,Synthetic fixture
synthetic_055_1,gentamicin,Susceptible,Synthetic fixture
synthetic_055_1,meropenem,Resistant,Synthetic fixture
synthetic_055_2,ceftazidime,Susceptible,Synthetic fixture
synthetic_055_2,ciprofloxacin,Resistant,Synthetic fixture
synthetic_055_2,gentamicin,Susceptible,Synthetic fixture
synthetic_055_2,meropenem,Resistant,Synthetic fixture
synthetic_055_3,ceftazidime,Susceptible,Synthetic fixture
synthetic_055_3,ciprofloxacin,Resistant,Synthetic fixture
synthetic_055_3,gentamicin,Susceptible,Synthetic fixture
synthetic_055_3,meropenem,Resistant,Synthetic fixture
synthetic_056_0,ceftazidime,Susceptible,Synthetic fixture
synthetic_056_0,ciprofloxacin,Susceptible,Synthetic fixture
synthetic_056_0,gentamicin,Susceptible,Synthetic fixture
synthetic_056_0,meropenem,Resistant,Synthetic fixture
synthetic_056_1,ceftazidime,Susceptible,Synthetic fixture
synthetic_056_1,ciprofloxacin,Susceptible,Synthetic fixture
synthetic_056_1,gentamicin,Susceptible,Synthetic fixture
synthetic_056_1,meropenem,Resistant,Synthetic fixture
synthetic_056_2,ceftazidime,Susceptible,Synthetic fixture
synthetic_056_2,ciprofloxacin,Susceptible,Synthetic fixture
synthetic_056_2,gentamicin,Susceptible,Synthetic fixture
synthetic_056_2,meropenem,Resistant,Synthetic fixture
synthetic_056_3,ceftazidime,Susceptible,Synthetic fixture
synthetic_056_3,ciprofloxacin,Susceptible,Synthetic fixture
synthetic_056_3,gentamicin,Susceptible,Synthetic fixture
synthetic_056_3,meropenem,Resistant,Synthetic fixture
synthetic_057_0,ceftazidime,Resistant,Synthetic fixture
synthetic_057_0,ciprofloxacin,Susceptible,Synthetic fixture
synthetic_057_0,gentamicin,Susceptible,Synthetic fixture
synthetic_057_0,meropenem,Susceptible,Synthetic fixture
synthetic_057_1,ceftazidime,Resistant,Synthetic fixture
synthetic_057_1,ciprofloxacin,Susceptible,Synthetic fixture
synthetic_057_1,gentamicin,Susceptible,Synthetic fixture
synthetic_057_1,meropenem,Susceptible,Synthetic fixture
synthetic_057_2,ceftazidime,Resistant,Synthetic fixture
synthetic_057_2,ciprofloxacin,Susceptible,Synthetic fixture
synthetic_057_2,gentamicin,Susceptible,Synthetic fixture
synthetic_057_2,meropenem,Susceptible,Synthetic fixture
synthetic_057_3,ceftazidime,Resistant,Synthetic fixture
synthetic_057_3,ciprofloxacin,Susceptible,Synthetic fixture
synthetic_057_3,gentamicin,Susceptible,Synthetic fixture
synthetic_057_3,meropenem,Susceptible,Synthetic fixture
synthetic_058_0,ceftazidime,Resistant,Synthetic fixture
synthetic_058_0,ciprofloxacin,Susceptible,Synthetic fixture
synthetic_058_0,gentamicin,Resistant,Synthetic fixture
synthetic_058_0,meropenem,Susceptible,Synthetic fixture
synthetic_058_1,ceftazidime,Resistant,Synthetic fixture
synthetic_058_1,ciprofloxacin,Susceptible,Synthetic fixture
synthetic_058_1,gentamicin,Resistant,Synthetic fixture
synthetic_058_1,meropenem,Susceptible,Synthetic fixture
synthetic_058_2,ceftazidime,Resistant,Synthetic fixture
synthetic_058_2,ciprofloxacin,Susceptible,Synthetic fixture
synthetic_058_2,gentamicin,Resistant,Synthetic fixture
synthetic_058_2,meropenem,Susceptible,Synthetic fixture
synthetic_058_3,ceftazidime,Resistant,Synthetic fixture
synthetic_058_3,ciprofloxacin,Susceptible,Synthetic fixture
synthetic_058_3,gentamicin,Resistant,Synthetic fixture
synthetic_058_3,meropenem,Susceptible,Synthetic fixture
synthetic_059_0,ceftazidime,Susceptible,Synthetic fixture
synthetic_059_0,ciprofloxacin,Susceptible,Synthetic fixture
synthetic_059_0,gentamicin,Resistant,Synthetic fixture
synthetic_059_0,meropenem,Susceptible,Synthetic fixture
synthetic_059_1,ceftazidime,Susceptible,Synthetic fixture
synthetic_059_1,ciprofloxacin,Susceptible,Synthetic fixture
synthetic_059_1,gentamicin,Resistant,Synthetic fixture
synthetic_059_1,meropenem,Susceptible,Synthetic fixture
synthetic_059_2,ceftazidime,Susceptible,Synthetic fixture
synthetic_059_2,ciprofloxacin,Susceptible,Synthetic fixture
synthetic_059_2,gentamicin,Resistant,Synthetic fixture
synthetic_059_2,meropenem,Susceptible,Synthetic fixture
synthetic_059_3,ceftazidime,Susceptible,Synthetic fixture
synthetic_059_3,ciprofloxacin,Susceptible,Synthetic fixture
synthetic_059_3,gentamicin,Resistant,Synthetic fixture
synthetic_059_3,meropenem,Susceptible,Synthetic fixture
